{
  "project_info": {
    "project_number": "107769501297",
    "firebase_url": "https://myfeed-dccdb.firebaseio.com",
    "project_id": "myfeed-dccdb",
    "storage_bucket": "myfeed-dccdb.appspot.com"
  },
  "client": [
    {
      "client_info": {
        "mobilesdk_app_id": "1:107769501297:android:a506ab55ef0679e3",
        "android_client_info": {
          "package_name": "com.abed_murad.my_feed"
        }
      },
      "oauth_client": [
        {
          "client_id": "107769501297-g34kkve19ls0sng5mgsf38n9mpkqnp34.apps.googleusercontent.com",
          "client_type": 1,
          "android_info": {
            "package_name": "com.abed_murad.my_feed",
            "certificate_hash": "ef19740bd568c4fb3137cc6afbb8fbc8e80209fd"
          }
        },
        {
          "client_id": "107769501297-7aqipoaesag7f6fa4nirguohntf4c8ns.apps.googleusercontent.com",
          "client_type": 3
        }
      ],
      "api_key": [
        {
          "current_key": "AIzaSyCeK61_2jGr38zgpEz-hN0jg9JG9Z80DDE"
        }
      ],
      "services": {
        "analytics_service": {
          "status": 1
        },
        "appinvite_service": {
          "status": 2,
          "other_platform_oauth_client": [
            {
              "client_id": "107769501297-7aqipoaesag7f6fa4nirguohntf4c8ns.apps.googleusercontent.com",
              "client_type": 3
            }
          ]
        },
        "ads_service": {
          "status": 2
        }
      }
    },
    {
      "client_info": {
        "mobilesdk_app_id": "1:107769501297:android:2de91783bea33718",
        "android_client_info": {
          "package_name": "com.am.betterme"
        }
      },
      "oauth_client": [
        {
          "client_id": "107769501297-epd4h8ae50irp02shd2u29c4m4niprfr.apps.googleusercontent.com",
          "client_type": 1,
          "android_info": {
            "package_name": "com.am.betterme",
            "certificate_hash": "ef19740bd568c4fb3137cc6afbb8fbc8e80209fd"
          }
        },
        {
          "client_id": "107769501297-7aqipoaesag7f6fa4nirguohntf4c8ns.apps.googleusercontent.com",
          "client_type": 3
        }
      ],
      "api_key": [
        {
          "current_key": "AIzaSyCeK61_2jGr38zgpEz-hN0jg9JG9Z80DDE"
        }
      ],
      "services": {
        "analytics_service": {
          "status": 1
        },
        "appinvite_service": {
          "status": 2,
          "other_platform_oauth_client": [
            {
              "client_id": "107769501297-7aqipoaesag7f6fa4nirguohntf4c8ns.apps.googleusercontent.com",
              "client_type": 3
            }
          ]
        },
        "ads_service": {
          "status": 2
        }
      }
    },
    {
      "client_info": {
        "mobilesdk_app_id": "1:107769501297:android:0b73a54c11fde2ff",
        "android_client_info": {
          "package_name": "com.am.my_feed"
        }
      },
      "oauth_client": [
        {
          "client_id": "107769501297-e4id9j0cnm4lv48o70pmu33cj67ufuv5.apps.googleusercontent.com",
          "client_type": 1,
          "android_info": {
            "package_name": "com.am.my_feed",
            "certificate_hash": "ef19740bd568c4fb3137cc6afbb8fbc8e80209fd"
          }
        },
        {
          "client_id": "107769501297-7aqipoaesag7f6fa4nirguohntf4c8ns.apps.googleusercontent.com",
          "client_type": 3
        }
      ],
      "api_key": [
        {
          "current_key": "AIzaSyCeK61_2jGr38zgpEz-hN0jg9JG9Z80DDE"
        }
      ],
      "services": {
        "analytics_service": {
          "status": 1
        },
        "appinvite_service": {
          "status": 2,
          "other_platform_oauth_client": [
            {
              "client_id": "107769501297-7aqipoaesag7f6fa4nirguohntf4c8ns.apps.googleusercontent.com",
              "client_type": 3
            }
          ]
        },
        "ads_service": {
          "status": 2
        }
      }
    },
    {
      "client_info": {
        "mobilesdk_app_id": "1:107769501297:android:0502b87a9ce86ae7",
        "android_client_info": {
          "package_name": "com.am.ramadanseries2019"
        }
      },
      "oauth_client": [
        {
          "client_id": "107769501297-59qdn45rtmm3qullhfmre78hevervbas.apps.googleusercontent.com",
          "client_type": 1,
          "android_info": {
            "package_name": "com.am.ramadanseries2019",
            "certificate_hash": "ef19740bd568c4fb3137cc6afbb8fbc8e80209fd"
          }
        },
        {
          "client_id": "107769501297-7aqipoaesag7f6fa4nirguohntf4c8ns.apps.googleusercontent.com",
          "client_type": 3
        }
      ],
      "api_key": [
        {
          "current_key": "AIzaSyCeK61_2jGr38zgpEz-hN0jg9JG9Z80DDE"
        }
      ],
      "services": {
        "analytics_service": {
          "status": 1
        },
        "appinvite_service": {
          "status": 2,
          "other_platform_oauth_client": [
            {
              "client_id": "107769501297-7aqipoaesag7f6fa4nirguohntf4c8ns.apps.googleusercontent.com",
              "client_type": 3
            }
          ]
        },
        "ads_service": {
          "status": 2
        }
      }
    }
  ],
  "configuration_version": "1"
}